SKU,Product Name,Brand,Category,Launch Year,MSRP
LP0001,ProBook 10,ByteCore,Laptop,2020,899
LP0002,UltraBook 11,TechNova,Laptop,2023,1299
LP0003,ProBook 10,TechNova,Laptop,2020,899
LP0004,StudentBook 10,Apex,Laptop,2024,1699
LP0005,WorkBook 13,NeoTech,Laptop,2023,999
LP0006,ProBook 12,NeoTech,Laptop,2021,999
LP0007,UltraBook 13,ByteCore,Laptop,2019,699
LP0008,WorkBook 11,ByteCore,Laptop,2025,999
LP0009,StudentBook 14,TechNova,Laptop,2024,1299
LP0010,StudentBook 11,NeoTech,Laptop,2019,1699
LP0011,AirBook 15,Apex,Laptop,2024,699
LP0012,ProBook 13,ByteCore,Laptop,2019,899
LP0013,ProBook 16,ByteCore,Laptop,2022,999
LP0014,UltraBook 15,ByteCore,Laptop,2020,999
LP0015,ProBook 12,Apex,Laptop,2020,1299
LP0016,WorkBook 14,Apex,Laptop,2024,999
LP0017,ProBook 13,TechNova,Laptop,2025,999
LP0018,WorkBook 14,TechNova,Laptop,2020,1699
LP0019,AirBook 13,NeoTech,Laptop,2022,1299
LP0020,UltraBook 14,Apex,Laptop,2020,1699
LP0021,StudentBook 14,NeoTech,Laptop,2023,1299
LP0022,AirBook 13,Apex,Laptop,2023,1299
LP0023,ProBook 10,TechNova,Laptop,2020,899
LP0024,WorkBook 11,NeoTech,Laptop,2022,1699
LP0025,WorkBook 14,TechNova,Laptop,2024,699
LP0026,StudentBook 14,ByteCore,Laptop,2019,999
LP0027,WorkBook 12,NeoTech,Laptop,2019,999
LP0028,StudentBook 12,TechNova,Laptop,2025,999
LP0029,StudentBook 13,Apex,Laptop,2021,899
LP0030,StudentBook 10,ByteCore,Laptop,2022,699
LP0031,ProBook 15,ByteCore,Laptop,2020,699
LP0032,UltraBook 11,TechNova,Laptop,2024,1299
LP0033,ProBook 12,Apex,Laptop,2024,1299
LP0034,StudentBook 12,ByteCore,Laptop,2023,1699
LP0035,WorkBook 13,Apex,Laptop,2024,999
LP0036,WorkBook 15,NeoTech,Laptop,2023,1299
LP0037,ProBook 13,Apex,Laptop,2019,999
LP0038,ProBook 13,Apex,Laptop,2019,699
LP0039,ProBook 13,TechNova,Laptop,2019,999
LP0040,ProBook 13,ByteCore,Laptop,2024,1299
LP0041,UltraBook 12,NeoTech,Laptop,2020,1299
LP0042,WorkBook 13,TechNova,Laptop,2019,1299
LP0043,AirBook 16,NeoTech,Laptop,2022,699
LP0044,ProBook 10,NeoTech,Laptop,2024,999
LP0045,ProBook 13,Apex,Laptop,2020,1699
LP0046,WorkBook 12,NeoTech,Laptop,2020,999
LP0047,WorkBook 13,TechNova,Laptop,2022,1699
LP0048,ProBook 10,TechNova,Laptop,2019,899
LP0049,UltraBook 16,NeoTech,Laptop,2022,899
LP0050,WorkBook 10,Apex,Laptop,2022,699
LP0051,WorkBook 14,NeoTech,Laptop,2021,1299
LP0052,StudentBook 17,Apex,Laptop,2020,999
LP0053,UltraBook 10,TechNova,Laptop,2024,999
LP0054,ProBook 10,NeoTech,Laptop,2023,1699
LP0055,UltraBook 10,TechNova,Laptop,2025,899
LP0056,ProBook 11,Apex,Laptop,2022,699
LP0057,StudentBook 13,TechNova,Laptop,2023,699
LP0058,WorkBook 15,ByteCore,Laptop,2020,999
LP0059,UltraBook 14,NeoTech,Laptop,2020,999
LP0060,WorkBook 15,TechNova,Laptop,2019,1299
LP0061,StudentBook 11,TechNova,Laptop,2023,899
LP0062,StudentBook 14,Apex,Laptop,2021,699
LP0063,UltraBook 15,ByteCore,Laptop,2020,1299
LP0064,StudentBook 14,TechNova,Laptop,2024,1699
LP0065,AirBook 11,Apex,Laptop,2021,699
LP0066,ProBook 12,ByteCore,Laptop,2021,1699
LP0067,UltraBook 15,Apex,Laptop,2024,999
LP0068,StudentBook 17,ByteCore,Laptop,2025,699
LP0069,ProBook 16,ByteCore,Laptop,2019,699
LP0070,AirBook 12,ByteCore,Laptop,2020,1299
LP0071,StudentBook 16,TechNova,Laptop,2019,699
LP0072,UltraBook 10,ByteCore,Laptop,2023,1699
LP0073,UltraBook 16,Apex,Laptop,2019,999
LP0074,AirBook 10,ByteCore,Laptop,2020,899
LP0075,ProBook 15,NeoTech,Laptop,2023,899
LP0076,UltraBook 12,Apex,Laptop,2022,699
LP0077,UltraBook 15,NeoTech,Laptop,2025,899
LP0078,AirBook 12,TechNova,Laptop,2022,699
LP0079,WorkBook 13,Apex,Laptop,2025,1299
LP0080,AirBook 14,Apex,Laptop,2020,699
LP0081,UltraBook 16,ByteCore,Laptop,2021,699
LP0082,AirBook 15,NeoTech,Laptop,2024,1699
LP0083,AirBook 10,TechNova,Laptop,2021,899
LP0084,StudentBook 14,TechNova,Laptop,2019,1699
LP0085,WorkBook 15,ByteCore,Laptop,2022,1699
LP0086,StudentBook 11,NeoTech,Laptop,2023,899
LP0087,AirBook 10,NeoTech,Laptop,2019,1699
LP0088,StudentBook 13,ByteCore,Laptop,2022,699
LP0089,AirBook 15,TechNova,Laptop,2024,999
LP0090,StudentBook 14,NeoTech,Laptop,2021,1299
LP0091,AirBook 12,Apex,Laptop,2022,1299
LP0092,UltraBook 14,NeoTech,Laptop,2023,699
LP0093,AirBook 14,Apex,Laptop,2022,1699
LP0094,StudentBook 15,NeoTech,Laptop,2022,1299
LP0095,UltraBook 17,Apex,Laptop,2024,699
LP0096,AirBook 15,TechNova,Laptop,2025,899
LP0097,AirBook 13,Apex,Laptop,2020,699
LP0098,ProBook 13,NeoTech,Laptop,2023,699
LP0099,WorkBook 16,Apex,Laptop,2024,1299
LP0100,WorkBook 16,Apex,Laptop,2020,699
LP0101,ProBook 16,Apex,Laptop,2020,1699
LP0102,WorkBook 10,Apex,Laptop,2025,699
LP0103,WorkBook 12,NeoTech,Laptop,2024,1699
LP0104,StudentBook 15,NeoTech,Laptop,2023,1699
LP0105,WorkBook 17,Apex,Laptop,2024,1299
LP0106,WorkBook 14,Apex,Laptop,2025,999
LP0107,StudentBook 17,Apex,Laptop,2021,1299
LP0108,ProBook 14,Apex,Laptop,2021,999
LP0109,AirBook 11,Apex,Laptop,2020,899
LP0110,WorkBook 12,Apex,Laptop,2019,1299
LP0111,WorkBook 15,NeoTech,Laptop,2022,699
LP0112,UltraBook 16,NeoTech,Laptop,2025,1699
LP0113,ProBook 16,NeoTech,Laptop,2019,999
LP0114,AirBook 16,NeoTech,Laptop,2023,1699
LP0115,StudentBook 13,NeoTech,Laptop,2020,999
LP0116,WorkBook 17,TechNova,Laptop,2022,999
LP0117,WorkBook 12,NeoTech,Laptop,2020,1699
LP0118,StudentBook 10,NeoTech,Laptop,2023,1699
LP0119,ProBook 11,NeoTech,Laptop,2020,1299
LP0120,UltraBook 10,ByteCore,Laptop,2022,999
LP0121,UltraBook 17,ByteCore,Laptop,2021,1299
LP0122,AirBook 16,ByteCore,Laptop,2025,699
LP0123,WorkBook 10,TechNova,Laptop,2021,899
LP0124,ProBook 10,TechNova,Laptop,2020,899
LP0125,ProBook 12,Apex,Laptop,2020,1299
LP0126,ProBook 13,NeoTech,Laptop,2024,999
LP0127,AirBook 12,TechNova,Laptop,2025,899
LP0128,AirBook 11,TechNova,Laptop,2021,1699
LP0129,WorkBook 16,Apex,Laptop,2019,1699
LP0130,UltraBook 11,ByteCore,Laptop,2025,1699
LP0131,ProBook 10,ByteCore,Laptop,2023,1299
LP0132,AirBook 11,ByteCore,Laptop,2019,1299
LP0133,WorkBook 11,NeoTech,Laptop,2021,1299
LP0134,UltraBook 16,Apex,Laptop,2024,1699
LP0135,AirBook 17,NeoTech,Laptop,2022,1699
LP0136,AirBook 15,Apex,Laptop,2025,699
LP0137,AirBook 17,Apex,Laptop,2025,1299
LP0138,StudentBook 16,ByteCore,Laptop,2019,1299
LP0139,AirBook 12,NeoTech,Laptop,2020,999
LP0140,AirBook 15,ByteCore,Laptop,2023,999
LP0141,StudentBook 10,Apex,Laptop,2019,899
LP0142,WorkBook 17,Apex,Laptop,2024,1299
LP0143,WorkBook 17,TechNova,Laptop,2019,999
LP0144,UltraBook 16,Apex,Laptop,2021,1699
LP0145,AirBook 17,ByteCore,Laptop,2022,1699
LP0146,AirBook 15,NeoTech,Laptop,2021,999
LP0147,AirBook 13,TechNova,Laptop,2024,899
LP0148,AirBook 11,Apex,Laptop,2020,899
LP0149,WorkBook 14,ByteCore,Laptop,2019,899
LP0150,AirBook 13,ByteCore,Laptop,2020,999
LP0151,ProBook 12,ByteCore,Laptop,2019,699
LP0152,StudentBook 14,Apex,Laptop,2024,1299
LP0153,ProBook 10,ByteCore,Laptop,2022,1299
LP0154,WorkBook 15,Apex,Laptop,2019,999
LP0155,WorkBook 11,TechNova,Laptop,2022,1299
LP0156,ProBook 10,Apex,Laptop,2020,1699
LP0157,AirBook 11,Apex,Laptop,2019,1699
LP0158,WorkBook 13,NeoTech,Laptop,2022,1299
LP0159,AirBook 16,ByteCore,Laptop,2023,1699
LP0160,ProBook 11,Apex,Laptop,2024,899
LP0161,AirBook 11,Apex,Laptop,2020,899
LP0162,StudentBook 11,Apex,Laptop,2019,1299
LP0163,WorkBook 17,ByteCore,Laptop,2019,899
LP0164,AirBook 14,NeoTech,Laptop,2019,899
LP0165,AirBook 13,NeoTech,Laptop,2019,1699
LP0166,UltraBook 12,ByteCore,Laptop,2025,899
LP0167,ProBook 10,Apex,Laptop,2025,999
LP0168,StudentBook 14,NeoTech,Laptop,2019,1299
LP0169,AirBook 16,ByteCore,Laptop,2023,1699
LP0170,WorkBook 17,TechNova,Laptop,2023,699
LP0171,WorkBook 15,ByteCore,Laptop,2019,699
LP0172,UltraBook 10,ByteCore,Laptop,2023,699
LP0173,UltraBook 17,NeoTech,Laptop,2021,899
LP0174,StudentBook 16,NeoTech,Laptop,2019,1299
LP0175,AirBook 16,ByteCore,Laptop,2021,699
LP0176,UltraBook 15,NeoTech,Laptop,2024,1299
LP0177,AirBook 16,TechNova,Laptop,2022,699
LP0178,AirBook 14,ByteCore,Laptop,2019,1299
LP0179,StudentBook 10,NeoTech,Laptop,2022,699
LP0180,UltraBook 15,NeoTech,Laptop,2024,1299
LP0181,ProBook 13,ByteCore,Laptop,2023,899
LP0182,AirBook 17,NeoTech,Laptop,2019,699
LP0183,StudentBook 13,Apex,Laptop,2021,1699
LP0184,ProBook 16,TechNova,Laptop,2020,699
LP0185,WorkBook 11,Apex,Laptop,2022,999
LP0186,StudentBook 14,NeoTech,Laptop,2025,1299
LP0187,WorkBook 13,NeoTech,Laptop,2023,899
LP0188,WorkBook 13,Apex,Laptop,2025,699
LP0189,AirBook 16,ByteCore,Laptop,2025,1699
LP0190,AirBook 10,ByteCore,Laptop,2024,999
LP0191,StudentBook 17,Apex,Laptop,2022,1699
LP0192,WorkBook 15,ByteCore,Laptop,2023,1699
LP0193,WorkBook 17,ByteCore,Laptop,2025,899
LP0194,UltraBook 16,Apex,Laptop,2025,1299
LP0195,ProBook 15,NeoTech,Laptop,2024,1299
LP0196,WorkBook 12,NeoTech,Laptop,2019,899
LP0197,StudentBook 15,TechNova,Laptop,2025,1299
LP0198,ProBook 17,TechNova,Laptop,2024,899
LP0199,WorkBook 12,TechNova,Laptop,2022,999
LP0200,AirBook 16,TechNova,Laptop,2025,999
LP0201,StudentBook 16,ByteCore,Laptop,2024,1299
LP0202,StudentBook 10,TechNova,Laptop,2020,999
LP0203,UltraBook 11,NeoTech,Laptop,2019,699
LP0204,WorkBook 12,ByteCore,Laptop,2019,699
LP0205,AirBook 10,ByteCore,Laptop,2021,999
LP0206,WorkBook 12,Apex,Laptop,2023,1299
LP0207,StudentBook 12,Apex,Laptop,2020,699
LP0208,StudentBook 16,Apex,Laptop,2022,1699
LP0209,UltraBook 13,NeoTech,Laptop,2024,999
LP0210,WorkBook 14,TechNova,Laptop,2025,1299
LP0211,AirBook 12,TechNova,Laptop,2022,999
LP0212,StudentBook 14,NeoTech,Laptop,2024,999
LP0213,WorkBook 14,Apex,Laptop,2022,1299
LP0214,ProBook 13,NeoTech,Laptop,2023,999
LP0215,StudentBook 14,ByteCore,Laptop,2019,1299
LP0216,AirBook 10,TechNova,Laptop,2023,1299
LP0217,AirBook 13,ByteCore,Laptop,2020,899
LP0218,StudentBook 14,Apex,Laptop,2024,699
LP0219,ProBook 14,NeoTech,Laptop,2019,1699
LP0220,AirBook 12,TechNova,Laptop,2021,999
LP0221,WorkBook 12,Apex,Laptop,2020,1699
LP0222,AirBook 14,Apex,Laptop,2021,1299
LP0223,AirBook 15,TechNova,Laptop,2022,699
LP0224,UltraBook 13,NeoTech,Laptop,2025,1699
LP0225,AirBook 11,NeoTech,Laptop,2019,999
LP0226,StudentBook 11,NeoTech,Laptop,2021,999
LP0227,StudentBook 16,ByteCore,Laptop,2019,899
LP0228,WorkBook 10,ByteCore,Laptop,2023,899
LP0229,ProBook 17,ByteCore,Laptop,2024,1299
LP0230,ProBook 12,TechNova,Laptop,2019,999
LP0231,WorkBook 11,TechNova,Laptop,2020,1699
LP0232,UltraBook 16,NeoTech,Laptop,2021,1699
LP0233,WorkBook 12,NeoTech,Laptop,2024,699
LP0234,WorkBook 16,ByteCore,Laptop,2019,999
LP0235,UltraBook 17,NeoTech,Laptop,2020,999
LP0236,ProBook 15,ByteCore,Laptop,2019,1299
LP0237,AirBook 13,TechNova,Laptop,2025,1299
LP0238,ProBook 13,TechNova,Laptop,2019,999
LP0239,UltraBook 12,Apex,Laptop,2019,1699
LP0240,UltraBook 13,Apex,Laptop,2021,899
LP0241,StudentBook 10,ByteCore,Laptop,2025,899
LP0242,UltraBook 14,Apex,Laptop,2019,699
LP0243,UltraBook 10,ByteCore,Laptop,2025,899
LP0244,StudentBook 15,TechNova,Laptop,2020,999
LP0245,ProBook 12,NeoTech,Laptop,2023,699
LP0246,ProBook 17,NeoTech,Laptop,2025,999
LP0247,StudentBook 11,NeoTech,Laptop,2023,899
LP0248,StudentBook 10,ByteCore,Laptop,2022,699
LP0249,ProBook 17,NeoTech,Laptop,2022,699
LP0250,WorkBook 17,TechNova,Laptop,2019,999
LP0251,StudentBook 12,TechNova,Laptop,2020,999
LP0252,StudentBook 15,NeoTech,Laptop,2023,1699
LP0253,AirBook 17,NeoTech,Laptop,2019,699
LP0254,StudentBook 13,NeoTech,Laptop,2022,899
LP0255,WorkBook 15,NeoTech,Laptop,2022,1299
LP0256,ProBook 15,NeoTech,Laptop,2021,999
LP0257,AirBook 12,NeoTech,Laptop,2019,699
LP0258,ProBook 11,NeoTech,Laptop,2019,999
LP0259,UltraBook 10,ByteCore,Laptop,2024,699
LP0260,WorkBook 15,NeoTech,Laptop,2025,699
LP0261,AirBook 14,ByteCore,Laptop,2019,1699
LP0262,StudentBook 13,Apex,Laptop,2024,1299
LP0263,UltraBook 11,ByteCore,Laptop,2025,1699
LP0264,AirBook 11,ByteCore,Laptop,2023,899
LP0265,WorkBook 10,ByteCore,Laptop,2019,899
LP0266,AirBook 14,ByteCore,Laptop,2021,699
LP0267,UltraBook 12,NeoTech,Laptop,2019,899
LP0268,ProBook 11,Apex,Laptop,2022,1299
LP0269,WorkBook 15,Apex,Laptop,2021,999
LP0270,AirBook 11,TechNova,Laptop,2020,899
LP0271,StudentBook 10,TechNova,Laptop,2021,1299
LP0272,WorkBook 17,NeoTech,Laptop,2022,999
LP0273,UltraBook 11,ByteCore,Laptop,2022,699
LP0274,AirBook 17,ByteCore,Laptop,2019,899
LP0275,WorkBook 10,TechNova,Laptop,2020,999
LP0276,UltraBook 12,ByteCore,Laptop,2021,999
LP0277,ProBook 10,NeoTech,Laptop,2024,1299
LP0278,UltraBook 12,NeoTech,Laptop,2023,899
LP0279,StudentBook 15,TechNova,Laptop,2022,699
LP0280,WorkBook 10,NeoTech,Laptop,2019,999
LP0281,StudentBook 16,NeoTech,Laptop,2024,1299
LP0282,AirBook 11,NeoTech,Laptop,2019,999
LP0283,UltraBook 17,ByteCore,Laptop,2019,1299
LP0284,ProBook 13,NeoTech,Laptop,2023,1299
LP0285,StudentBook 11,NeoTech,Laptop,2025,999
LP0286,AirBook 13,ByteCore,Laptop,2025,899
LP0287,ProBook 11,Apex,Laptop,2025,999
LP0288,AirBook 12,Apex,Laptop,2019,899
LP0289,AirBook 13,Apex,Laptop,2023,899
LP0290,ProBook 12,NeoTech,Laptop,2022,1699
LP0291,StudentBook 17,ByteCore,Laptop,2025,999
LP0292,UltraBook 17,TechNova,Laptop,2022,1299
LP0293,AirBook 14,TechNova,Laptop,2021,1699
LP0294,ProBook 14,NeoTech,Laptop,2022,699
LP0295,ProBook 15,ByteCore,Laptop,2019,699
LP0296,StudentBook 16,NeoTech,Laptop,2023,1699
LP0297,ProBook 17,Apex,Laptop,2021,1699
LP0298,WorkBook 12,TechNova,Laptop,2022,699
LP0299,AirBook 11,Apex,Laptop,2019,899
LP0300,WorkBook 17,Apex,Laptop,2021,999
LP0301,AirBook 16,NeoTech,Laptop,2025,999
LP0302,StudentBook 10,ByteCore,Laptop,2019,999
LP0303,ProBook 16,ByteCore,Laptop,2021,1699
LP0304,UltraBook 15,TechNova,Laptop,2023,899
LP0305,AirBook 14,NeoTech,Laptop,2020,1699
LP0306,ProBook 14,NeoTech,Laptop,2024,999
LP0307,UltraBook 11,NeoTech,Laptop,2023,999
LP0308,ProBook 15,ByteCore,Laptop,2020,899
LP0309,AirBook 17,Apex,Laptop,2020,899
LP0310,UltraBook 11,ByteCore,Laptop,2025,699
LP0311,StudentBook 10,ByteCore,Laptop,2025,1699
LP0312,UltraBook 16,Apex,Laptop,2020,899
LP0313,StudentBook 12,NeoTech,Laptop,2019,1299
LP0314,AirBook 13,NeoTech,Laptop,2023,999
LP0315,WorkBook 13,Apex,Laptop,2021,1299
LP0316,UltraBook 15,NeoTech,Laptop,2022,999
LP0317,WorkBook 16,Apex,Laptop,2025,899
LP0318,StudentBook 12,ByteCore,Laptop,2019,1299
LP0319,AirBook 11,TechNova,Laptop,2021,699
LP0320,UltraBook 14,NeoTech,Laptop,2023,899
LP0321,WorkBook 11,Apex,Laptop,2025,1299
LP0322,AirBook 10,NeoTech,Laptop,2019,1299
LP0323,StudentBook 15,Apex,Laptop,2022,699
LP0324,AirBook 13,TechNova,Laptop,2021,699
LP0325,AirBook 12,Apex,Laptop,2019,999
LP0326,WorkBook 12,NeoTech,Laptop,2022,1699
LP0327,ProBook 11,TechNova,Laptop,2021,899
LP0328,UltraBook 16,TechNova,Laptop,2025,999
LP0329,UltraBook 14,TechNova,Laptop,2019,899
LP0330,WorkBook 17,TechNova,Laptop,2019,1299
LP0331,StudentBook 10,Apex,Laptop,2024,899
LP0332,AirBook 16,TechNova,Laptop,2023,999
LP0333,UltraBook 16,Apex,Laptop,2024,699
LP0334,StudentBook 15,TechNova,Laptop,2023,1699
LP0335,StudentBook 10,NeoTech,Laptop,2025,1299
LP0336,ProBook 16,ByteCore,Laptop,2021,699
LP0337,AirBook 11,ByteCore,Laptop,2020,699
LP0338,StudentBook 15,Apex,Laptop,2019,999
LP0339,StudentBook 15,Apex,Laptop,2025,1299
LP0340,WorkBook 12,Apex,Laptop,2019,1299
LP0341,ProBook 14,Apex,Laptop,2019,899
LP0342,ProBook 15,ByteCore,Laptop,2023,1299
LP0343,StudentBook 17,ByteCore,Laptop,2019,899
LP0344,AirBook 15,TechNova,Laptop,2025,999
LP0345,AirBook 11,ByteCore,Laptop,2022,1299
LP0346,WorkBook 16,ByteCore,Laptop,2020,1299
LP0347,WorkBook 15,ByteCore,Laptop,2025,699
LP0348,WorkBook 11,NeoTech,Laptop,2023,899
LP0349,StudentBook 14,ByteCore,Laptop,2019,699
LP0350,AirBook 14,ByteCore,Laptop,2022,1699
LP0351,WorkBook 12,NeoTech,Laptop,2021,1299
LP0352,ProBook 15,NeoTech,Laptop,2021,699
LP0353,ProBook 16,ByteCore,Laptop,2023,899
LP0354,ProBook 12,NeoTech,Laptop,2019,899
LP0355,ProBook 13,ByteCore,Laptop,2021,1299
LP0356,StudentBook 10,Apex,Laptop,2024,1299
LP0357,AirBook 15,NeoTech,Laptop,2025,699
LP0358,StudentBook 12,ByteCore,Laptop,2022,999
LP0359,AirBook 13,TechNova,Laptop,2019,899
LP0360,WorkBook 16,TechNova,Laptop,2021,999
LP0361,WorkBook 13,ByteCore,Laptop,2024,1299
LP0362,UltraBook 11,Apex,Laptop,2025,699
LP0363,WorkBook 12,NeoTech,Laptop,2019,999
LP0364,AirBook 11,ByteCore,Laptop,2021,899
LP0365,UltraBook 15,Apex,Laptop,2019,899
LP0366,UltraBook 13,NeoTech,Laptop,2019,999
LP0367,StudentBook 15,NeoTech,Laptop,2025,1699
LP0368,UltraBook 11,TechNova,Laptop,2021,1299
LP0369,WorkBook 16,NeoTech,Laptop,2025,1699
LP0370,ProBook 12,ByteCore,Laptop,2024,699
LP0371,WorkBook 17,ByteCore,Laptop,2020,1699
LP0372,StudentBook 12,Apex,Laptop,2022,1699
LP0373,ProBook 11,Apex,Laptop,2021,899
LP0374,UltraBook 15,Apex,Laptop,2021,1699
LP0375,AirBook 11,ByteCore,Laptop,2020,1699
LP0376,AirBook 12,ByteCore,Laptop,2023,1699
LP0377,ProBook 12,Apex,Laptop,2020,1699
LP0378,StudentBook 15,TechNova,Laptop,2025,699
LP0379,ProBook 10,ByteCore,Laptop,2024,899
LP0380,StudentBook 16,TechNova,Laptop,2022,1699
LP0381,AirBook 14,NeoTech,Laptop,2020,1299
LP0382,AirBook 17,TechNova,Laptop,2024,699
LP0383,UltraBook 17,NeoTech,Laptop,2022,1299
LP0384,UltraBook 15,Apex,Laptop,2021,999
LP0385,AirBook 16,Apex,Laptop,2025,999
LP0386,StudentBook 11,ByteCore,Laptop,2020,1299
LP0387,ProBook 14,NeoTech,Laptop,2020,899
LP0388,ProBook 10,ByteCore,Laptop,2022,1699
LP0389,WorkBook 13,Apex,Laptop,2025,999
LP0390,StudentBook 15,Apex,Laptop,2025,899
LP0391,WorkBook 17,NeoTech,Laptop,2021,1299
LP0392,ProBook 11,NeoTech,Laptop,2023,1299
LP0393,UltraBook 13,ByteCore,Laptop,2019,699
LP0394,AirBook 17,NeoTech,Laptop,2021,1699
LP0395,ProBook 11,NeoTech,Laptop,2020,999
LP0396,AirBook 16,ByteCore,Laptop,2019,1299
LP0397,ProBook 13,ByteCore,Laptop,2023,999
LP0398,ProBook 16,NeoTech,Laptop,2025,1699
LP0399,AirBook 11,Apex,Laptop,2019,1299
LP0400,AirBook 15,ByteCore,Laptop,2025,899
LP0401,UltraBook 16,TechNova,Laptop,2019,699
LP0402,UltraBook 15,NeoTech,Laptop,2023,1299
LP0403,UltraBook 12,ByteCore,Laptop,2023,999
LP0404,UltraBook 16,ByteCore,Laptop,2023,999
LP0405,StudentBook 17,ByteCore,Laptop,2022,699
LP0406,AirBook 15,TechNova,Laptop,2022,1699
LP0407,AirBook 10,NeoTech,Laptop,2021,1699
LP0408,StudentBook 13,TechNova,Laptop,2023,1299
LP0409,UltraBook 16,Apex,Laptop,2025,899
LP0410,ProBook 11,Apex,Laptop,2019,1299
LP0411,AirBook 16,Apex,Laptop,2022,899
LP0412,WorkBook 17,TechNova,Laptop,2024,899
LP0413,StudentBook 13,ByteCore,Laptop,2024,1299
LP0414,StudentBook 16,ByteCore,Laptop,2020,1299
LP0415,StudentBook 15,ByteCore,Laptop,2024,999
LP0416,StudentBook 17,Apex,Laptop,2020,999
LP0417,StudentBook 14,Apex,Laptop,2021,999
LP0418,UltraBook 17,ByteCore,Laptop,2022,999
LP0419,StudentBook 14,ByteCore,Laptop,2019,1699
LP0420,StudentBook 16,NeoTech,Laptop,2025,999
LP0421,UltraBook 14,TechNova,Laptop,2021,699
LP0422,AirBook 17,ByteCore,Laptop,2024,1299
LP0423,UltraBook 13,ByteCore,Laptop,2023,999
LP0424,UltraBook 11,Apex,Laptop,2020,699
LP0425,StudentBook 13,Apex,Laptop,2019,699
LP0426,WorkBook 15,NeoTech,Laptop,2019,899
LP0427,ProBook 12,NeoTech,Laptop,2024,1299
LP0428,WorkBook 13,ByteCore,Laptop,2021,999
LP0429,ProBook 11,Apex,Laptop,2023,699
LP0430,UltraBook 16,Apex,Laptop,2019,1299
LP0431,WorkBook 12,ByteCore,Laptop,2019,699
LP0432,AirBook 11,ByteCore,Laptop,2021,1299
LP0433,StudentBook 17,Apex,Laptop,2025,1699
LP0434,WorkBook 14,Apex,Laptop,2025,699
LP0435,AirBook 12,NeoTech,Laptop,2024,999
LP0436,UltraBook 10,ByteCore,Laptop,2025,999
LP0437,StudentBook 13,Apex,Laptop,2023,1299
LP0438,WorkBook 15,TechNova,Laptop,2022,699
LP0439,UltraBook 12,NeoTech,Laptop,2021,899
LP0440,ProBook 14,NeoTech,Laptop,2020,1299
LP0441,AirBook 15,ByteCore,Laptop,2023,1699
LP0442,ProBook 14,ByteCore,Laptop,2024,899
LP0443,ProBook 11,NeoTech,Laptop,2021,899
LP0444,WorkBook 14,TechNova,Laptop,2024,999
LP0445,AirBook 13,Apex,Laptop,2020,1299
LP0446,UltraBook 17,ByteCore,Laptop,2022,1699
LP0447,WorkBook 13,Apex,Laptop,2024,1699
LP0448,ProBook 17,ByteCore,Laptop,2019,1699
LP0449,ProBook 10,Apex,Laptop,2023,1699
LP0450,UltraBook 12,ByteCore,Laptop,2025,1699
LP0451,WorkBook 11,Apex,Laptop,2024,1699
LP0452,WorkBook 11,NeoTech,Laptop,2025,699
LP0453,WorkBook 12,NeoTech,Laptop,2022,1699
LP0454,ProBook 17,ByteCore,Laptop,2024,699
LP0455,WorkBook 14,TechNova,Laptop,2024,899
LP0456,StudentBook 11,TechNova,Laptop,2022,999
LP0457,ProBook 10,TechNova,Laptop,2022,699
LP0458,AirBook 16,Apex,Laptop,2025,899
LP0459,WorkBook 15,NeoTech,Laptop,2022,1299
LP0460,WorkBook 11,Apex,Laptop,2024,999
LP0461,ProBook 12,NeoTech,Laptop,2023,899
LP0462,UltraBook 10,TechNova,Laptop,2021,1299
LP0463,StudentBook 16,NeoTech,Laptop,2025,899
LP0464,UltraBook 17,ByteCore,Laptop,2020,999
LP0465,UltraBook 11,TechNova,Laptop,2025,1299
LP0466,StudentBook 10,Apex,Laptop,2020,699
LP0467,ProBook 10,NeoTech,Laptop,2023,699
LP0468,UltraBook 10,NeoTech,Laptop,2022,899
LP0469,StudentBook 13,TechNova,Laptop,2020,1699
LP0470,AirBook 13,ByteCore,Laptop,2023,1699
LP0471,AirBook 13,ByteCore,Laptop,2020,1699
LP0472,UltraBook 16,ByteCore,Laptop,2021,699
LP0473,StudentBook 12,NeoTech,Laptop,2023,1299
LP0474,ProBook 15,NeoTech,Laptop,2025,1699
LP0475,AirBook 16,NeoTech,Laptop,2020,999
LP0476,WorkBook 12,NeoTech,Laptop,2020,899
LP0477,AirBook 12,NeoTech,Laptop,2019,1699
LP0478,WorkBook 16,Apex,Laptop,2022,899
LP0479,AirBook 13,ByteCore,Laptop,2024,699
LP0480,WorkBook 15,TechNova,Laptop,2023,899
LP0481,ProBook 14,NeoTech,Laptop,2024,1699
LP0482,StudentBook 10,TechNova,Laptop,2020,1699
LP0483,StudentBook 13,NeoTech,Laptop,2020,999
LP0484,AirBook 10,Apex,Laptop,2020,699
LP0485,WorkBook 13,Apex,Laptop,2022,899
LP0486,StudentBook 15,ByteCore,Laptop,2022,1299
LP0487,StudentBook 15,ByteCore,Laptop,2021,999
LP0488,StudentBook 17,NeoTech,Laptop,2019,1299
LP0489,AirBook 13,ByteCore,Laptop,2021,1299
LP0490,ProBook 13,Apex,Laptop,2019,999
LP0491,StudentBook 16,ByteCore,Laptop,2020,899
LP0492,AirBook 13,NeoTech,Laptop,2023,899
LP0493,WorkBook 15,ByteCore,Laptop,2025,1299
LP0494,WorkBook 17,Apex,Laptop,2024,999
LP0495,UltraBook 12,NeoTech,Laptop,2020,1699
LP0496,ProBook 10,TechNova,Laptop,2025,699
LP0497,ProBook 16,Apex,Laptop,2025,899
LP0498,ProBook 12,TechNova,Laptop,2020,1699
LP0499,WorkBook 15,TechNova,Laptop,2023,1699
LP0500,WorkBook 17,TechNova,Laptop,2019,1699
LP0501,StudentBook 16,TechNova,Laptop,2019,1699
LP0502,AirBook 14,TechNova,Laptop,2023,1299
LP0503,UltraBook 11,TechNova,Laptop,2023,899
LP0504,UltraBook 13,ByteCore,Laptop,2025,999
LP0505,AirBook 16,TechNova,Laptop,2021,1299
LP0506,WorkBook 13,Apex,Laptop,2021,699
LP0507,ProBook 11,NeoTech,Laptop,2022,1299
LP0508,StudentBook 17,TechNova,Laptop,2024,699
LP0509,UltraBook 11,NeoTech,Laptop,2025,1299
LP0510,AirBook 11,TechNova,Laptop,2020,899
LP0511,StudentBook 17,ByteCore,Laptop,2019,699
LP0512,AirBook 10,Apex,Laptop,2025,999
LP0513,ProBook 13,Apex,Laptop,2025,1299
LP0514,ProBook 14,Apex,Laptop,2023,899
LP0515,StudentBook 16,ByteCore,Laptop,2022,899
LP0516,ProBook 15,TechNova,Laptop,2019,1299
LP0517,UltraBook 11,ByteCore,Laptop,2023,1699
LP0518,StudentBook 16,ByteCore,Laptop,2019,999
LP0519,WorkBook 17,Apex,Laptop,2021,1699
LP0520,WorkBook 16,Apex,Laptop,2024,1699
LP0521,WorkBook 11,ByteCore,Laptop,2025,899
LP0522,ProBook 11,ByteCore,Laptop,2020,1299
LP0523,UltraBook 16,ByteCore,Laptop,2021,699
LP0524,ProBook 10,ByteCore,Laptop,2022,999
LP0525,AirBook 11,Apex,Laptop,2019,899
LP0526,WorkBook 17,NeoTech,Laptop,2019,699
LP0527,ProBook 15,TechNova,Laptop,2023,1699
LP0528,AirBook 16,TechNova,Laptop,2021,1299
LP0529,WorkBook 11,Apex,Laptop,2023,1699
LP0530,UltraBook 16,Apex,Laptop,2020,999
LP0531,AirBook 14,NeoTech,Laptop,2020,699
LP0532,UltraBook 16,ByteCore,Laptop,2022,999
LP0533,WorkBook 11,ByteCore,Laptop,2021,899
LP0534,WorkBook 13,NeoTech,Laptop,2019,899
LP0535,AirBook 10,NeoTech,Laptop,2021,1699
LP0536,WorkBook 15,NeoTech,Laptop,2021,1299
LP0537,StudentBook 12,ByteCore,Laptop,2021,1699
LP0538,UltraBook 17,ByteCore,Laptop,2020,1299
LP0539,AirBook 14,NeoTech,Laptop,2023,899
LP0540,AirBook 16,ByteCore,Laptop,2025,1299
LP0541,AirBook 11,Apex,Laptop,2023,1699
LP0542,UltraBook 10,NeoTech,Laptop,2024,899
LP0543,WorkBook 14,TechNova,Laptop,2025,1299
LP0544,WorkBook 12,ByteCore,Laptop,2020,999
LP0545,UltraBook 16,NeoTech,Laptop,2019,1299
LP0546,StudentBook 17,NeoTech,Laptop,2023,1699
LP0547,WorkBook 10,ByteCore,Laptop,2024,1699
LP0548,StudentBook 11,TechNova,Laptop,2025,899
LP0549,AirBook 12,TechNova,Laptop,2023,1299
LP0550,AirBook 16,TechNova,Laptop,2019,699
LP0551,AirBook 13,Apex,Laptop,2022,999
LP0552,WorkBook 17,Apex,Laptop,2021,699
LP0553,WorkBook 11,ByteCore,Laptop,2022,699
LP0554,ProBook 12,ByteCore,Laptop,2021,999
LP0555,WorkBook 13,NeoTech,Laptop,2021,1299
LP0556,ProBook 17,NeoTech,Laptop,2021,699
LP0557,AirBook 10,TechNova,Laptop,2019,999
LP0558,ProBook 12,Apex,Laptop,2023,899
LP0559,StudentBook 12,ByteCore,Laptop,2023,1299
LP0560,WorkBook 13,NeoTech,Laptop,2024,899
LP0561,UltraBook 16,NeoTech,Laptop,2019,1699
LP0562,UltraBook 17,NeoTech,Laptop,2022,699
LP0563,UltraBook 13,ByteCore,Laptop,2025,699
LP0564,StudentBook 11,Apex,Laptop,2021,999
LP0565,UltraBook 17,TechNova,Laptop,2021,1299
LP0566,StudentBook 15,NeoTech,Laptop,2023,1299
LP0567,StudentBook 11,ByteCore,Laptop,2021,1299
LP0568,StudentBook 12,ByteCore,Laptop,2023,1699
LP0569,ProBook 12,ByteCore,Laptop,2019,899
LP0570,AirBook 11,Apex,Laptop,2021,899
LP0571,StudentBook 16,NeoTech,Laptop,2023,899
LP0572,StudentBook 16,NeoTech,Laptop,2020,1299
LP0573,StudentBook 12,Apex,Laptop,2022,999
LP0574,UltraBook 12,ByteCore,Laptop,2025,1299
LP0575,StudentBook 10,ByteCore,Laptop,2019,1299
LP0576,UltraBook 13,NeoTech,Laptop,2023,1699
LP0577,WorkBook 16,NeoTech,Laptop,2022,1299
LP0578,WorkBook 12,TechNova,Laptop,2023,699
LP0579,UltraBook 14,TechNova,Laptop,2021,899
LP0580,StudentBook 14,Apex,Laptop,2025,1299
LP0581,StudentBook 17,TechNova,Laptop,2023,699
LP0582,AirBook 15,TechNova,Laptop,2025,1299
LP0583,StudentBook 13,NeoTech,Laptop,2019,899
LP0584,AirBook 10,NeoTech,Laptop,2021,999
LP0585,ProBook 17,TechNova,Laptop,2025,899
LP0586,UltraBook 15,NeoTech,Laptop,2020,1699
LP0587,UltraBook 13,Apex,Laptop,2025,699
LP0588,StudentBook 15,ByteCore,Laptop,2023,1699
LP0589,UltraBook 15,ByteCore,Laptop,2021,1699
LP0590,AirBook 11,Apex,Laptop,2025,1299
LP0591,ProBook 14,Apex,Laptop,2024,899
LP0592,UltraBook 12,ByteCore,Laptop,2025,899
LP0593,WorkBook 17,Apex,Laptop,2023,999
LP0594,WorkBook 16,NeoTech,Laptop,2019,699
LP0595,WorkBook 14,ByteCore,Laptop,2022,1299
LP0596,AirBook 10,TechNova,Laptop,2024,1299
LP0597,AirBook 11,NeoTech,Laptop,2020,1299
LP0598,UltraBook 17,ByteCore,Laptop,2021,999
LP0599,AirBook 12,NeoTech,Laptop,2025,999
LP0600,ProBook 10,TechNova,Laptop,2024,1299
LP0601,ProBook 11,Apex,Laptop,2022,1299
LP0602,ProBook 16,Apex,Laptop,2024,899
LP0603,AirBook 12,ByteCore,Laptop,2019,999
LP0604,AirBook 11,ByteCore,Laptop,2024,899
LP0605,ProBook 16,ByteCore,Laptop,2024,899
LP0606,WorkBook 11,TechNova,Laptop,2019,899
LP0607,WorkBook 11,Apex,Laptop,2023,899
LP0608,StudentBook 17,TechNova,Laptop,2019,999
LP0609,ProBook 16,Apex,Laptop,2022,699
LP0610,UltraBook 16,TechNova,Laptop,2024,699
LP0611,ProBook 15,ByteCore,Laptop,2021,899
LP0612,WorkBook 12,Apex,Laptop,2019,1699
LP0613,StudentBook 10,Apex,Laptop,2022,999
LP0614,UltraBook 12,NeoTech,Laptop,2023,1299
LP0615,UltraBook 11,TechNova,Laptop,2020,699
LP0616,StudentBook 16,ByteCore,Laptop,2022,999
LP0617,UltraBook 13,ByteCore,Laptop,2024,699
LP0618,UltraBook 14,TechNova,Laptop,2025,999
LP0619,UltraBook 13,NeoTech,Laptop,2021,699
LP0620,UltraBook 17,NeoTech,Laptop,2019,899
LP0621,WorkBook 11,TechNova,Laptop,2021,999
LP0622,UltraBook 16,NeoTech,Laptop,2021,1699
LP0623,UltraBook 17,TechNova,Laptop,2019,1699
LP0624,ProBook 10,ByteCore,Laptop,2020,699
LP0625,ProBook 16,ByteCore,Laptop,2024,1699
LP0626,WorkBook 16,NeoTech,Laptop,2019,1699
LP0627,StudentBook 12,ByteCore,Laptop,2019,999
LP0628,ProBook 13,Apex,Laptop,2023,999
LP0629,WorkBook 11,ByteCore,Laptop,2024,1299
LP0630,UltraBook 10,Apex,Laptop,2019,1299
LP0631,ProBook 17,TechNova,Laptop,2021,899
LP0632,ProBook 10,Apex,Laptop,2024,699
LP0633,UltraBook 17,ByteCore,Laptop,2023,1699
LP0634,AirBook 12,ByteCore,Laptop,2020,999
LP0635,ProBook 10,ByteCore,Laptop,2025,1299
LP0636,AirBook 11,ByteCore,Laptop,2024,1699
LP0637,ProBook 17,NeoTech,Laptop,2023,999
LP0638,ProBook 17,Apex,Laptop,2021,899
LP0639,AirBook 11,TechNova,Laptop,2020,1699
LP0640,ProBook 10,TechNova,Laptop,2020,699
LP0641,WorkBook 15,NeoTech,Laptop,2020,899
LP0642,ProBook 16,Apex,Laptop,2021,899
LP0643,WorkBook 15,ByteCore,Laptop,2025,699
LP0644,StudentBook 15,TechNova,Laptop,2023,699
LP0645,UltraBook 13,TechNova,Laptop,2022,699
LP0646,WorkBook 14,ByteCore,Laptop,2021,699
LP0647,StudentBook 17,TechNova,Laptop,2021,899
LP0648,AirBook 14,Apex,Laptop,2022,999
LP0649,StudentBook 17,Apex,Laptop,2024,1699
LP0650,UltraBook 12,TechNova,Laptop,2022,699
LP0651,UltraBook 15,TechNova,Laptop,2021,699
LP0652,WorkBook 14,TechNova,Laptop,2020,1699
LP0653,UltraBook 16,NeoTech,Laptop,2019,899
LP0654,AirBook 11,TechNova,Laptop,2020,1699
LP0655,WorkBook 15,NeoTech,Laptop,2024,699
LP0656,StudentBook 11,Apex,Laptop,2024,1299
LP0657,ProBook 10,NeoTech,Laptop,2024,899
LP0658,UltraBook 14,ByteCore,Laptop,2025,999
LP0659,WorkBook 15,ByteCore,Laptop,2022,999
LP0660,UltraBook 11,Apex,Laptop,2020,1699
LP0661,ProBook 12,TechNova,Laptop,2020,1299
LP0662,WorkBook 15,NeoTech,Laptop,2019,1699
LP0663,AirBook 13,NeoTech,Laptop,2021,1299
LP0664,AirBook 11,TechNova,Laptop,2020,999
LP0665,StudentBook 10,Apex,Laptop,2025,999
LP0666,UltraBook 11,Apex,Laptop,2021,1299
LP0667,StudentBook 10,ByteCore,Laptop,2021,899
LP0668,ProBook 16,NeoTech,Laptop,2023,1699
LP0669,UltraBook 11,NeoTech,Laptop,2019,899
LP0670,ProBook 10,TechNova,Laptop,2025,899
LP0671,UltraBook 13,NeoTech,Laptop,2021,699
LP0672,StudentBook 14,TechNova,Laptop,2019,699
LP0673,UltraBook 17,Apex,Laptop,2019,999
LP0674,ProBook 10,NeoTech,Laptop,2019,899
LP0675,StudentBook 16,NeoTech,Laptop,2022,699
LP0676,WorkBook 16,Apex,Laptop,2021,899
LP0677,UltraBook 14,ByteCore,Laptop,2022,899
LP0678,ProBook 13,ByteCore,Laptop,2022,1299
LP0679,StudentBook 17,TechNova,Laptop,2019,999
LP0680,WorkBook 12,NeoTech,Laptop,2020,1699
LP0681,UltraBook 10,NeoTech,Laptop,2025,999
LP0682,WorkBook 17,ByteCore,Laptop,2023,1699
LP0683,AirBook 16,ByteCore,Laptop,2020,699
LP0684,AirBook 13,TechNova,Laptop,2025,999
LP0685,ProBook 17,ByteCore,Laptop,2025,1699
LP0686,UltraBook 12,TechNova,Laptop,2020,899
LP0687,AirBook 10,Apex,Laptop,2023,1299
LP0688,AirBook 12,Apex,Laptop,2020,1699
LP0689,AirBook 15,TechNova,Laptop,2024,999
LP0690,StudentBook 12,Apex,Laptop,2025,1299
LP0691,StudentBook 14,Apex,Laptop,2022,699
LP0692,ProBook 10,Apex,Laptop,2023,899
LP0693,ProBook 17,TechNova,Laptop,2021,1699
LP0694,UltraBook 12,ByteCore,Laptop,2024,899
LP0695,AirBook 10,TechNova,Laptop,2020,1699
LP0696,UltraBook 11,ByteCore,Laptop,2019,999
LP0697,WorkBook 11,ByteCore,Laptop,2021,999
LP0698,UltraBook 12,NeoTech,Laptop,2025,1299
LP0699,AirBook 12,ByteCore,Laptop,2020,1699
LP0700,UltraBook 16,ByteCore,Laptop,2024,999
LP0701,UltraBook 12,TechNova,Laptop,2024,1699
LP0702,WorkBook 10,Apex,Laptop,2023,999
LP0703,StudentBook 13,TechNova,Laptop,2022,899
LP0704,AirBook 11,Apex,Laptop,2021,999
LP0705,UltraBook 11,ByteCore,Laptop,2022,699
LP0706,AirBook 13,Apex,Laptop,2024,699
LP0707,AirBook 14,TechNova,Laptop,2024,699
LP0708,ProBook 16,NeoTech,Laptop,2024,1299
LP0709,UltraBook 16,NeoTech,Laptop,2022,999
LP0710,StudentBook 16,TechNova,Laptop,2025,1299
LP0711,StudentBook 13,Apex,Laptop,2022,699
LP0712,ProBook 14,TechNova,Laptop,2021,999
LP0713,ProBook 11,ByteCore,Laptop,2020,1299
LP0714,UltraBook 11,TechNova,Laptop,2021,1699
LP0715,StudentBook 17,TechNova,Laptop,2022,899
LP0716,StudentBook 16,Apex,Laptop,2019,699
LP0717,AirBook 13,Apex,Laptop,2022,1699
LP0718,StudentBook 14,ByteCore,Laptop,2021,899
LP0719,ProBook 10,NeoTech,Laptop,2023,1699
LP0720,WorkBook 12,TechNova,Laptop,2021,699
LP0721,WorkBook 11,ByteCore,Laptop,2025,1699
LP0722,WorkBook 13,TechNova,Laptop,2019,899
LP0723,UltraBook 14,TechNova,Laptop,2022,699
LP0724,AirBook 16,NeoTech,Laptop,2022,999
LP0725,ProBook 16,Apex,Laptop,2021,1299
LP0726,AirBook 12,NeoTech,Laptop,2019,999
LP0727,WorkBook 17,ByteCore,Laptop,2020,999
LP0728,StudentBook 10,Apex,Laptop,2025,699
LP0729,ProBook 15,NeoTech,Laptop,2025,1699
LP0730,UltraBook 10,NeoTech,Laptop,2025,1699
LP0731,WorkBook 17,Apex,Laptop,2022,999
LP0732,ProBook 16,TechNova,Laptop,2023,1699
LP0733,StudentBook 12,TechNova,Laptop,2025,1299
LP0734,UltraBook 12,Apex,Laptop,2025,899
LP0735,UltraBook 10,NeoTech,Laptop,2019,1299
LP0736,UltraBook 12,ByteCore,Laptop,2021,699
LP0737,ProBook 16,NeoTech,Laptop,2023,999
LP0738,AirBook 17,TechNova,Laptop,2025,1699
LP0739,StudentBook 16,TechNova,Laptop,2022,899
LP0740,UltraBook 11,TechNova,Laptop,2023,699
LP0741,AirBook 15,NeoTech,Laptop,2021,1299
LP0742,WorkBook 17,TechNova,Laptop,2020,999
LP0743,WorkBook 12,NeoTech,Laptop,2019,1299
LP0744,AirBook 13,TechNova,Laptop,2024,1299
LP0745,AirBook 15,TechNova,Laptop,2021,999
LP0746,AirBook 14,NeoTech,Laptop,2025,699
LP0747,UltraBook 12,ByteCore,Laptop,2024,1299
LP0748,AirBook 14,NeoTech,Laptop,2023,699
LP0749,UltraBook 17,Apex,Laptop,2025,1299
LP0750,WorkBook 15,TechNova,Laptop,2023,899
LP0751,ProBook 14,NeoTech,Laptop,2020,1699
LP0752,StudentBook 10,Apex,Laptop,2020,899
LP0753,ProBook 13,TechNova,Laptop,2022,699
LP0754,AirBook 13,ByteCore,Laptop,2021,1299
LP0755,StudentBook 16,TechNova,Laptop,2024,699
LP0756,UltraBook 15,NeoTech,Laptop,2023,1299
LP0757,UltraBook 17,ByteCore,Laptop,2021,899
LP0758,AirBook 11,ByteCore,Laptop,2019,1299
LP0759,ProBook 12,Apex,Laptop,2025,899
LP0760,UltraBook 13,ByteCore,Laptop,2024,1299
LP0761,StudentBook 10,TechNova,Laptop,2022,899
LP0762,UltraBook 10,Apex,Laptop,2021,1699
LP0763,AirBook 14,NeoTech,Laptop,2022,999
LP0764,WorkBook 14,Apex,Laptop,2022,999
LP0765,StudentBook 16,TechNova,Laptop,2019,1699
LP0766,AirBook 14,ByteCore,Laptop,2024,699
LP0767,WorkBook 11,ByteCore,Laptop,2021,999
LP0768,AirBook 14,ByteCore,Laptop,2020,899
LP0769,StudentBook 13,TechNova,Laptop,2025,1699
LP0770,WorkBook 15,Apex,Laptop,2024,699
LP0771,WorkBook 14,ByteCore,Laptop,2022,1299
LP0772,WorkBook 10,Apex,Laptop,2021,899
LP0773,StudentBook 17,ByteCore,Laptop,2023,999
LP0774,UltraBook 12,ByteCore,Laptop,2019,1299
LP0775,UltraBook 14,Apex,Laptop,2024,999
LP0776,ProBook 13,ByteCore,Laptop,2020,999
LP0777,WorkBook 15,ByteCore,Laptop,2021,1699
LP0778,AirBook 17,TechNova,Laptop,2022,699
LP0779,StudentBook 11,NeoTech,Laptop,2020,1699
LP0780,ProBook 16,ByteCore,Laptop,2022,699
LP0781,UltraBook 12,Apex,Laptop,2021,1299
LP0782,StudentBook 17,Apex,Laptop,2021,899
LP0783,ProBook 17,ByteCore,Laptop,2024,899
LP0784,AirBook 10,TechNova,Laptop,2022,999
LP0785,UltraBook 12,Apex,Laptop,2022,699
LP0786,UltraBook 16,NeoTech,Laptop,2022,1299
LP0787,WorkBook 16,TechNova,Laptop,2019,1699
LP0788,UltraBook 15,TechNova,Laptop,2021,1699
LP0789,UltraBook 10,TechNova,Laptop,2024,899
LP0790,UltraBook 15,ByteCore,Laptop,2020,699
LP0791,WorkBook 14,Apex,Laptop,2019,699
LP0792,AirBook 14,NeoTech,Laptop,2024,1699
LP0793,StudentBook 15,NeoTech,Laptop,2024,899
LP0794,AirBook 17,ByteCore,Laptop,2025,899
LP0795,UltraBook 16,TechNova,Laptop,2020,899
LP0796,UltraBook 13,TechNova,Laptop,2023,1699
LP0797,UltraBook 11,ByteCore,Laptop,2024,699
LP0798,WorkBook 14,TechNova,Laptop,2023,699
LP0799,ProBook 10,TechNova,Laptop,2024,699
LP0800,WorkBook 17,NeoTech,Laptop,2019,1699
LP0801,AirBook 17,Apex,Laptop,2020,699
LP0802,AirBook 16,TechNova,Laptop,2024,1699
LP0803,AirBook 12,NeoTech,Laptop,2025,699
LP0804,StudentBook 11,ByteCore,Laptop,2019,699
LP0805,WorkBook 13,Apex,Laptop,2025,999
LP0806,StudentBook 13,ByteCore,Laptop,2024,1299
LP0807,AirBook 12,TechNova,Laptop,2023,1299
LP0808,UltraBook 17,ByteCore,Laptop,2020,699
LP0809,ProBook 11,TechNova,Laptop,2025,1699
LP0810,WorkBook 12,TechNova,Laptop,2025,1699
LP0811,ProBook 11,ByteCore,Laptop,2024,899
LP0812,WorkBook 14,ByteCore,Laptop,2022,699
LP0813,ProBook 12,TechNova,Laptop,2025,999
LP0814,AirBook 15,NeoTech,Laptop,2024,699
LP0815,ProBook 10,TechNova,Laptop,2025,899
LP0816,UltraBook 15,ByteCore,Laptop,2022,1699
LP0817,AirBook 11,ByteCore,Laptop,2025,999
LP0818,UltraBook 11,NeoTech,Laptop,2022,1299
LP0819,AirBook 16,NeoTech,Laptop,2025,1299
LP0820,UltraBook 11,Apex,Laptop,2024,699
LP0821,UltraBook 11,NeoTech,Laptop,2023,1299
LP0822,StudentBook 17,Apex,Laptop,2023,1299
LP0823,AirBook 10,Apex,Laptop,2022,1299
LP0824,ProBook 16,NeoTech,Laptop,2019,699
LP0825,AirBook 15,TechNova,Laptop,2024,1699
LP0826,StudentBook 13,ByteCore,Laptop,2023,1699
LP0827,StudentBook 11,NeoTech,Laptop,2024,899
LP0828,WorkBook 15,NeoTech,Laptop,2020,1699
LP0829,StudentBook 10,TechNova,Laptop,2024,899
LP0830,StudentBook 17,NeoTech,Laptop,2025,899
LP0831,ProBook 17,ByteCore,Laptop,2020,999
LP0832,AirBook 10,Apex,Laptop,2023,1299
LP0833,WorkBook 13,TechNova,Laptop,2022,1299
LP0834,StudentBook 17,TechNova,Laptop,2025,1299
LP0835,WorkBook 15,TechNova,Laptop,2022,699
LP0836,ProBook 16,NeoTech,Laptop,2019,1699
LP0837,StudentBook 10,TechNova,Laptop,2025,1699
LP0838,StudentBook 14,Apex,Laptop,2024,1299
LP0839,AirBook 15,TechNova,Laptop,2025,899
LP0840,WorkBook 15,NeoTech,Laptop,2024,999
LP0841,WorkBook 11,TechNova,Laptop,2025,899
LP0842,ProBook 15,ByteCore,Laptop,2025,999
LP0843,StudentBook 15,TechNova,Laptop,2019,899
LP0844,WorkBook 12,NeoTech,Laptop,2019,999
LP0845,StudentBook 13,Apex,Laptop,2019,1299
LP0846,UltraBook 17,Apex,Laptop,2024,999
LP0847,ProBook 16,TechNova,Laptop,2024,1699
LP0848,ProBook 17,NeoTech,Laptop,2024,1699
LP0849,StudentBook 12,NeoTech,Laptop,2019,1699
LP0850,ProBook 16,NeoTech,Laptop,2023,899
LP0851,StudentBook 12,Apex,Laptop,2019,1299
LP0852,StudentBook 15,NeoTech,Laptop,2022,1699
LP0853,UltraBook 14,NeoTech,Laptop,2021,999
LP0854,WorkBook 12,Apex,Laptop,2022,1699
LP0855,StudentBook 14,ByteCore,Laptop,2024,1699
LP0856,UltraBook 13,Apex,Laptop,2023,999
LP0857,AirBook 12,Apex,Laptop,2023,1699
LP0858,AirBook 11,ByteCore,Laptop,2023,1299
LP0859,StudentBook 16,ByteCore,Laptop,2025,1299
LP0860,ProBook 11,TechNova,Laptop,2022,899
LP0861,ProBook 10,Apex,Laptop,2021,899
LP0862,AirBook 14,Apex,Laptop,2025,699
LP0863,AirBook 13,TechNova,Laptop,2021,1299
LP0864,ProBook 13,NeoTech,Laptop,2020,1699
LP0865,AirBook 10,NeoTech,Laptop,2022,1299
LP0866,AirBook 10,TechNova,Laptop,2024,999
LP0867,UltraBook 17,Apex,Laptop,2024,999
LP0868,StudentBook 13,Apex,Laptop,2021,1299
LP0869,UltraBook 11,Apex,Laptop,2020,1699
LP0870,ProBook 16,TechNova,Laptop,2022,999
LP0871,StudentBook 14,Apex,Laptop,2020,1699
LP0872,AirBook 10,ByteCore,Laptop,2022,899
LP0873,ProBook 12,ByteCore,Laptop,2023,699
LP0874,StudentBook 14,NeoTech,Laptop,2025,1699
LP0875,StudentBook 15,TechNova,Laptop,2025,999
LP0876,StudentBook 13,Apex,Laptop,2023,699
LP0877,StudentBook 12,NeoTech,Laptop,2023,1699
LP0878,WorkBook 11,ByteCore,Laptop,2020,899
LP0879,AirBook 15,ByteCore,Laptop,2021,899
LP0880,StudentBook 17,TechNova,Laptop,2019,999
LP0881,WorkBook 13,Apex,Laptop,2019,999
LP0882,WorkBook 11,NeoTech,Laptop,2021,1699
LP0883,AirBook 10,ByteCore,Laptop,2023,1699
LP0884,WorkBook 17,TechNova,Laptop,2021,899
LP0885,AirBook 11,TechNova,Laptop,2020,1699
LP0886,StudentBook 10,TechNova,Laptop,2020,899
LP0887,WorkBook 11,Apex,Laptop,2023,1299
LP0888,ProBook 12,TechNova,Laptop,2022,999
LP0889,ProBook 11,TechNova,Laptop,2019,899
LP0890,AirBook 11,Apex,Laptop,2021,1299
LP0891,WorkBook 17,NeoTech,Laptop,2022,999
LP0892,ProBook 16,TechNova,Laptop,2023,699
LP0893,StudentBook 11,TechNova,Laptop,2024,699
LP0894,AirBook 11,ByteCore,Laptop,2025,999
LP0895,StudentBook 11,ByteCore,Laptop,2025,1299
LP0896,WorkBook 16,TechNova,Laptop,2022,899
LP0897,StudentBook 13,Apex,Laptop,2024,1299
LP0898,StudentBook 14,Apex,Laptop,2021,999
LP0899,ProBook 12,TechNova,Laptop,2019,699
LP0900,StudentBook 16,TechNova,Laptop,2021,899
LP0901,AirBook 13,NeoTech,Laptop,2024,1699
LP0902,UltraBook 12,Apex,Laptop,2020,1699
LP0903,AirBook 13,TechNova,Laptop,2020,1699
LP0904,ProBook 17,TechNova,Laptop,2021,699
LP0905,AirBook 11,Apex,Laptop,2024,1699
LP0906,WorkBook 15,ByteCore,Laptop,2020,899
LP0907,ProBook 14,TechNova,Laptop,2020,999
LP0908,WorkBook 17,ByteCore,Laptop,2023,999
LP0909,StudentBook 12,ByteCore,Laptop,2025,999
LP0910,WorkBook 12,TechNova,Laptop,2021,899
LP0911,UltraBook 16,ByteCore,Laptop,2025,999
LP0912,UltraBook 15,NeoTech,Laptop,2022,1299
LP0913,AirBook 14,NeoTech,Laptop,2023,699
LP0914,UltraBook 11,ByteCore,Laptop,2025,899
LP0915,StudentBook 13,ByteCore,Laptop,2024,699
LP0916,ProBook 10,TechNova,Laptop,2025,1699
LP0917,StudentBook 16,Apex,Laptop,2019,1699
LP0918,AirBook 17,Apex,Laptop,2021,1299
LP0919,UltraBook 14,Apex,Laptop,2022,1699
LP0920,StudentBook 11,NeoTech,Laptop,2021,1699
LP0921,ProBook 13,Apex,Laptop,2025,1699
LP0922,UltraBook 17,Apex,Laptop,2020,1699
LP0923,StudentBook 12,NeoTech,Laptop,2021,699
LP0924,UltraBook 17,Apex,Laptop,2019,999
LP0925,AirBook 13,TechNova,Laptop,2024,899
LP0926,StudentBook 15,NeoTech,Laptop,2022,1299
LP0927,ProBook 10,ByteCore,Laptop,2019,1699
LP0928,AirBook 14,Apex,Laptop,2022,1299
LP0929,AirBook 11,ByteCore,Laptop,2022,899
LP0930,StudentBook 16,ByteCore,Laptop,2025,999
LP0931,WorkBook 17,TechNova,Laptop,2023,899
LP0932,WorkBook 12,Apex,Laptop,2019,1699
LP0933,AirBook 13,Apex,Laptop,2020,899
LP0934,AirBook 11,Apex,Laptop,2022,999
LP0935,ProBook 17,NeoTech,Laptop,2022,899
LP0936,StudentBook 12,NeoTech,Laptop,2019,899
LP0937,ProBook 12,Apex,Laptop,2020,1699
LP0938,ProBook 12,TechNova,Laptop,2020,999
LP0939,UltraBook 16,TechNova,Laptop,2024,999
LP0940,ProBook 13,NeoTech,Laptop,2023,1299
LP0941,WorkBook 12,Apex,Laptop,2025,1299
LP0942,StudentBook 12,Apex,Laptop,2023,1699
LP0943,AirBook 12,ByteCore,Laptop,2022,1699
LP0944,StudentBook 11,Apex,Laptop,2022,1299
LP0945,UltraBook 11,TechNova,Laptop,2020,1699
LP0946,StudentBook 16,Apex,Laptop,2023,699
LP0947,UltraBook 17,TechNova,Laptop,2025,1699
LP0948,StudentBook 11,TechNova,Laptop,2022,899
LP0949,StudentBook 10,NeoTech,Laptop,2023,1299
LP0950,AirBook 10,NeoTech,Laptop,2020,1299
LP0951,WorkBook 15,TechNova,Laptop,2022,899
LP0952,AirBook 17,Apex,Laptop,2025,699
LP0953,AirBook 16,ByteCore,Laptop,2020,699
LP0954,ProBook 11,TechNova,Laptop,2022,899
LP0955,AirBook 16,ByteCore,Laptop,2019,899
LP0956,WorkBook 14,ByteCore,Laptop,2025,1699
LP0957,WorkBook 15,ByteCore,Laptop,2024,1299
LP0958,UltraBook 16,NeoTech,Laptop,2020,999
LP0959,StudentBook 17,ByteCore,Laptop,2021,1699
LP0960,AirBook 16,Apex,Laptop,2025,699
LP0961,UltraBook 17,Apex,Laptop,2019,899
LP0962,StudentBook 16,ByteCore,Laptop,2025,1699
LP0963,StudentBook 10,Apex,Laptop,2022,699
LP0964,ProBook 12,NeoTech,Laptop,2023,1299
LP0965,ProBook 11,ByteCore,Laptop,2020,999
LP0966,ProBook 10,NeoTech,Laptop,2022,1699
LP0967,StudentBook 14,TechNova,Laptop,2025,899
LP0968,WorkBook 17,TechNova,Laptop,2020,1699
LP0969,AirBook 13,TechNova,Laptop,2025,1699
LP0970,StudentBook 13,Apex,Laptop,2024,699
LP0971,AirBook 13,TechNova,Laptop,2020,699
LP0972,AirBook 16,ByteCore,Laptop,2024,1299
LP0973,WorkBook 13,TechNova,Laptop,2024,699
LP0974,ProBook 14,ByteCore,Laptop,2021,999
LP0975,UltraBook 13,NeoTech,Laptop,2022,1699
LP0976,ProBook 14,Apex,Laptop,2022,1699
LP0977,ProBook 11,ByteCore,Laptop,2021,699
LP0978,StudentBook 14,ByteCore,Laptop,2024,1299
LP0979,WorkBook 17,Apex,Laptop,2025,999
LP0980,WorkBook 17,TechNova,Laptop,2022,699
LP0981,AirBook 11,NeoTech,Laptop,2024,899
LP0982,UltraBook 15,NeoTech,Laptop,2021,1699
LP0983,StudentBook 10,ByteCore,Laptop,2020,999
LP0984,ProBook 16,ByteCore,Laptop,2019,1699
LP0985,UltraBook 17,ByteCore,Laptop,2021,899
LP0986,StudentBook 14,Apex,Laptop,2024,899
LP0987,WorkBook 13,Apex,Laptop,2024,899
LP0988,AirBook 13,Apex,Laptop,2020,899
LP0989,StudentBook 15,Apex,Laptop,2025,699
LP0990,ProBook 11,NeoTech,Laptop,2023,699
LP0991,StudentBook 10,NeoTech,Laptop,2021,1699
LP0992,AirBook 17,ByteCore,Laptop,2022,899
LP0993,StudentBook 14,NeoTech,Laptop,2020,1699
LP0994,UltraBook 10,NeoTech,Laptop,2022,1699
LP0995,ProBook 15,NeoTech,Laptop,2025,899
LP0996,WorkBook 11,NeoTech,Laptop,2021,699
LP0997,ProBook 13,NeoTech,Laptop,2023,699
LP0998,AirBook 15,ByteCore,Laptop,2020,1699
LP0999,AirBook 13,ByteCore,Laptop,2022,1699
LP1000,AirBook 15,Apex,Laptop,2022,1299
